part_number,Stock
0355166003J,105
0355166003J*,36
0355166004F*,118
0355166013L,97
035516603JA,123
0355B,21
0355C,33
0371063007B,135
0401200010G,42
0407350110G,133
0407350130G,69
0407350260G,99
0473210220,59
0473210321,106
0473210380,84
0473500450,127
0473500510,6
0473500520,18
0473500641,147
0473500690,44
0473500801,119
0473810220,15
0473810310,117
0474510250,123
0474510281,59
0474510430,37
0474510440,127
0504910101,15
0504910232,10
0504910232G,145
0504910252,120
0504910252G,76
0504910262,127
0504910262G,0
0841HOT,120
0862HC,150
08HN,22
0973110012,59
0973110013,143
0973110022,88
0973110023,93
0973110023KATAHI,17
0973110050,7
0973110051,123
0973110052,65
1040HOT,69
1042HOT,79
1062HC,131
10HN,94
110166250,112
110166341,4
1118135050,60
1118175020,0
111817502001,52
1118175021,104
1118175030,143
1118175031,2
1121274021,1
113027101,61
113027102,101
1130670010,53
1132270011,102
1137111010,79
1137774030,119
113777403099,91
1137774040,30
1137774050,27
11377740501,19
1151132030,50
1151232010,83
1151332010,35
11800003051,136
1180069002H,111
1180069003E,57
11830000156,11
1210120032,111
121012003251,148
1210120042,26
1210188570,129
1211120032,21
121112003282,78
1211120042,53
1211120050,100
121114262,18
12111426451,20
1230213092,43
1230213150,140
1230213170,28
1230213171,62
1230213180,49
12311008F1,123
12311010F3,72
1231113010,20
1231120030,96
1231120040,142
1231142040,40
1231142060,102
1231146020,105
1231146030,62
1231146040,116
1231146041,10
1231146060,44
1231146070,95
1231146080,110
1231146090,14
1231146100,117
1231146110,74
1231146120,142
1231146130,42
1231150020,77
1231150021,53
1231150040,73
1231150070,140
1231150080,57
1231150100,41
1231150110,50
1231167070,7
1231170110,60
1231174070,13
1231174150,65
1231175020,37
1231188400,97
12311886E5,92
12315008F1,77
1231513010,122
1231542040,109
1231542060,136
1231546020,50
1231546030,125
1231546041,71
1231546070,136
1231546080,22
1231546090,33
1231546100,69
1231546110,122
1231550010,136
1231550011,55
1231550030,66
1231550070,84
1231550080,107
1231567040,140
1231570080,0
1231574050,68
1231574110,136
1231575020,112
1231588400,11
12315886E5,67
12316210T2,16
1231664010,140
1231664070,26
1231674180,145
1232150020,92
12362741200100,85
1242HOT,135
1243ABHOT,144
1263HC,75
12HN,118
1340540010,47
1340540020,150
1340544022,137
1340544031,25
1340544042,84
1340544050,97
1340544060,143
1340544070,20
1340544080,37
1340546010,114
1340548010,138
1340548020,125
1340577010,3
134057701000,88
134057820271,98
134057850271,41
134057850371,128
134057850671,75
1340596502,130
1340596503,140
1345110020,87
1345148010,122
1345148011,123
1347023010100,107
1347023020100,62
1347023050100,129
1347110020,84
1347110021,39
1347111030,23
1347111031,82
134711103100,91
1347111050,0
1347113010,28
1347113020,145
1347115011,136
1347115070,103
1347121040,41
1347121040KATA,25
1347122020,86
1347122040,37
1347135030,111
134713503000,38
1347154030,148
1347154040,141
134715404000,72
1347154060,141
1347154090,68
134715409000,4
1347154100,144
134715410000,43
1347167020,130
134716702001,32
1347222020,35
1347254010,12
1347254011,70
1347254020,116
134725402000,132
1347254030,28
134725403000,23
1347254040,123
134725404000,78
1347254050,110
134725405000,48
1347262020,104
1347267020,105
134726702001,52
1347267030,132
1347611010,10
1347615010,98
1347615011,104
1347615060,81
134761506000,132
1347615080,89
134761508000,84
1347615090,34
134761509000,30
1347615100,14
134761510000,39
1347662020,142
134766202000,28
1351114010,36
1351116010,124
13511189E,39
1351122010,149
13511326E,31
1351133016,55
1351143010,47
1351144012,132
13511446E,22
13511491E,48
13511515E,100
13511537E,42
1351154010,39
1351161010,126
1351170010,94
1351170030,53
1351216010,32
1352360030 21,54
135236003021,150
135246030 20,106
135256030 20,26
135616041,89
135616081,43
1400010011,45
1400010011G,9
1400010020,61
1400010020G,33
1400010080,38
1400010080G,109
1400010110,149
1400010120,53
1400010120G,15
1400010150,24
1400010190,52
1400010200,52
1400010200G,71
1400010230,40
1400010230G,106
1400010251,104
1400010290,60
1400010290G,106
1400010310,97
1400010310G,59
1400010320,72
1400010320G,31
1400010330,125
1400010330G,57
1400010340,10
1400010380G,114
1400010400G,12
1400010401G,32
1400010402G,1
1400010410G,104
1400010420G,6
1402130010G,10
1403016162,11
1404N25,33
1462500881,29
1462502940,110
1462502941,36
1462502950,49
1462503010,12
1462503110,130
1462503400,141
1462503401,84
1462602711,92
1462603000,91
1462603120,22
1462603170,136
1462603341,136
1462603801,14
1462605090,111
1462605171,49
1462605271,141
1462605640,85
1462606000,78
1462606820,58
1462606851,25
1462700790,3
1462701010,146
1462900960,145
1462900990,126
1462901230,110
1462901290,140
1462901500,97
1462901510,147
1462902310,33
1462902311,93
1462902312,66
1462902810,67
1462902811,105
151012450,60
151012460,109
151012470,3
151012480,55
151014143,36
151014156,98
151014161,60
151014171,50
1510142010,60
1510142020,96
1510142030,85
1510142050,84
1510143061,3
1510161010,100
151111450,137
151111800,64
151112450,73
151112810,140
151112820,138
151112830,64
151112840,2
151112882,34
151112885,122
151112890,96
151113802,117
1511141011,80
1511141030,38
1511141040,92
1511160011,2
1511161010,19
1511161011,82
1511161020,79
1511176010,139
151119100,95
151119200,7
151152810,78
151152820,131
151152880,55
1511551010,47
1511552010,66
151159100,66
1512041011,90
1512041030,62
1512041040,34
151C12820,9
151C12830,21
151C12840,11
151C12882,95
151C12885,67
151C12890,29
151C13802,17
153117120,12
1560716010,147
1560716020,21
1560716021,3
1560916010,136
1560916011,32
156712310,88
1567154071,14
1567154080,56
1567154081,15
1567154082,110
1567154120,100
1567154122,82
1567154123,7
1567154130,136
156719500,99
156719510,1
156719520,14
156719530,133
156719531,120
156719540,73
156729510,71
157C167010,54
157C167011,124
157C167020,30
157C167021,83
1603215180,3
1603216420,127
1603216440,134
161012710,100
161018950,24
161113840,61
161113870,78
161113871,110
161113J61,25
161114100,60
1611151010,80
1611152010,88
1611152020,111
1611152020MA,113
161117100,129
161117101,117
161117770,143
1611179420,150
161119100,117
161119120,65
161119121,10
161119122,53
161119135 20,15
161733871,2
1617342050,62
161963840,57
161963850,4
161B152020,19
161B17125,4
161B547090,101
161B547091,96
1630434020,74
1630470011,122
1630470020,122
1630475010,121
1630476010,10
1630476030,13
1632315180,134
1632316420,141
1633126021,114
1633134101,82
1633134120,33
1633134130,1
1633136012,69
1633170010,126
1633170020,69
1633170030,130
1633170050,88
1633170060,32
1633170070,34
1633176030,145
1633176040,111
1633176050,12
1633176070,93
163337110,62
1635650010,26
1635650020,42
1635650030,37
1635650040,23
1635650050,13
1635650060,83
1635650070,51
1635650080,13
1635650090,137
1635650100,123
1635650110,61
1635650120,2
1644ABCHOT,2
1644ABHOT,59
1664HC,38
1688850010,18
16HN,130
1702517020,73
1710115060,116
1710116080,150
1710146021,56
1710146030,12
1710155090,89
1710155100,14
1710164010,78
1710164031,68
1710164050,32
1710164070,113
1710164080,71
1710164081,53
1710164090,28
1710164092,141
1710164130,64
1710164150,26
1710164170,149
1710164200,49
1710164210,4
1710166020,46
171016602050,8
1710167011,17
1710167021,121
1710167030,11
1710167041,102
1710174100,90
1710174120,33
1710175040,120
17109102F4,21
1710911020,90
1710932010,38
1710941021,86
1710941050,29
1710941070,39
1710942010,141
1710943010,111
1710943020,16
1710943021,138
1710943030,17
1710943040,9
1710943050,148
1710946080,39
1710966010,18
171096601050,1
1710966011,75
1710966020,51
1710966021,15
1710966030,113
171096603050,94